"","Date","Weekly_US_Crude_Production_000s"
"20",1983-01-09,"8634"
"21",1983-01-16,"8634"
"22",1983-01-23,"8634"
"23",1983-01-30,"8634"
"24",1983-02-06,"8660"
"25",1983-02-13,"8660"
"26",1983-02-20,"8660"
"27",1983-02-27,"8660"
"28",1983-03-06,"8677"
"29",1983-03-13,"8677"
"30",1983-03-20,"8677"
"31",1983-03-27,"8677"
"32",1983-04-03,"8677"
"33",1983-04-10,"8686"
"34",1983-04-17,"8686"
"35",1983-05-01,"8686"
"36",1983-05-15,"8682"
"37",1983-05-22,"8682"
"38",1983-06-05,"8676"
"39",1983-06-12,"8676"
"40",1983-06-19,"8676"
"41",1983-06-26,"8676"
"42",1983-07-03,"8676"
"43",1983-07-10,"8647"
"44",1983-07-17,"8647"
"45",1983-07-24,"8647"
"46",1983-07-31,"8647"
"47",1983-08-07,"8653"
"48",1983-08-14,"8653"
"49",1983-08-21,"8653"
"50",1983-08-28,"8653"
"51",1983-09-04,"8666"
"52",1983-09-11,"8666"
"53",1983-09-18,"8666"
"54",1983-09-25,"8666"
"55",1983-10-02,"8666"
"56",1983-10-09,"8654"
"57",1983-10-16,"8654"
"58",1983-10-23,"8654"
"59",1983-10-30,"8654"
"60",1983-11-06,"8624"
"61",1983-11-13,"8624"
"62",1983-11-20,"8624"
"63",1983-11-27,"8624"
"64",1983-12-04,"8612"
"65",1983-12-11,"8612"
"66",1983-12-18,"8612"
"67",1983-12-25,"8612"
"68",1984-01-01,"8612"
"69",1984-01-08,"8659"
"70",1984-01-15,"8659"
"71",1984-01-22,"8659"
"72",1984-01-29,"8659"
"73",1984-02-05,"8726"
"74",1984-02-12,"8726"
"75",1984-02-19,"8726"
"76",1984-02-26,"8726"
"77",1984-03-04,"8718"
"78",1984-03-11,"8718"
"79",1984-03-18,"8718"
"80",1984-03-25,"8718"
"81",1984-04-01,"8718"
"82",1984-04-08,"8688"
"83",1984-04-15,"8688"
"84",1984-04-22,"8688"
"85",1984-04-29,"8688"
"86",1984-05-06,"8753"
"87",1984-05-13,"8753"
"88",1984-05-20,"8753"
"89",1984-05-27,"8753"
"90",1984-06-03,"8743"
"91",1984-06-10,"8743"
"92",1984-06-17,"8743"
"93",1984-06-24,"8743"
"94",1984-07-01,"8743"
"95",1984-07-08,"8769"
"96",1984-07-15,"8769"
"97",1984-07-22,"8769"
"98",1984-07-29,"8769"
"99",1984-08-05,"8781"
"100",1984-08-12,"8781"
"101",1984-08-19,"8781"
"102",1984-08-26,"8781"
"103",1984-09-02,"8781"
"104",1984-09-09,"8759"
"105",1984-09-16,"8759"
"106",1984-09-23,"8759"
"107",1984-09-30,"8759"
"108",1984-10-07,"8847"
"109",1984-10-14,"8847"
"110",1984-10-21,"8847"
"111",1984-10-28,"8847"
"112",1984-11-04,"8846"
"113",1984-11-11,"8846"
"114",1984-11-18,"8846"
"115",1984-11-25,"8846"
"116",1984-12-02,"8846"
"117",1984-12-09,"8797"
"118",1984-12-16,"8797"
"119",1984-12-23,"8797"
"120",1984-12-30,"8797"
"121",1985-01-06,"8929"
"122",1985-01-13,"8929"
"123",1985-01-20,"8929"
"124",1985-01-27,"8929"
"125",1985-02-03,"8928"
"126",1985-02-10,"8928"
"127",1985-02-17,"8928"
"128",1985-02-24,"8928"
"129",1985-03-03,"8927"
"130",1985-03-10,"8927"
"131",1985-03-17,"8927"
"132",1985-03-24,"8927"
"133",1985-03-31,"8927"
"134",1985-04-07,"8842"
"135",1985-04-14,"8842"
"136",1985-04-21,"8842"
"137",1985-04-28,"8842"
"138",1985-05-05,"8969"
"139",1985-05-12,"8969"
"140",1985-05-19,"8969"
"141",1985-05-26,"8969"
"142",1985-06-02,"8969"
"143",1985-06-09,"8965"
"144",1985-06-16,"8965"
"145",1985-06-23,"8965"
"146",1985-06-30,"8965"
"147",1985-07-07,"8904"
"148",1985-07-14,"8904"
"149",1985-07-21,"8904"
"150",1985-07-28,"8904"
"151",1985-08-04,"8895"
"152",1985-08-11,"8895"
"153",1985-08-18,"8895"
"154",1985-08-25,"8895"
"155",1985-09-01,"8895"
"156",1985-09-08,"8874"
"157",1985-09-15,"8874"
"158",1985-09-22,"8874"
"159",1985-09-29,"8874"
"160",1985-10-06,"8943"
"161",1985-10-13,"8943"
"162",1985-10-20,"8943"
"163",1985-10-27,"8943"
"164",1985-11-03,"8932"
"165",1985-11-10,"8932"
"166",1985-11-17,"8932"
"167",1985-11-24,"8932"
"168",1985-12-01,"8932"
"169",1985-12-08,"8930"
"170",1985-12-15,"8930"
"171",1985-12-22,"8930"
"172",1985-12-29,"8930"
"173",1986-01-05,"8942"
"174",1986-01-12,"8942"
"175",1986-01-19,"8942"
"176",1986-01-26,"8942"
"177",1986-02-02,"8942"
"178",1986-02-09,"8940"
"179",1986-02-16,"8940"
"180",1986-02-23,"8940"
"181",1986-03-02,"8939"
"182",1986-03-09,"8939"
"183",1986-03-16,"8939"
"184",1986-03-23,"8939"
"185",1986-03-30,"8939"
"186",1986-04-06,"8815"
"187",1986-04-13,"8815"
"188",1986-04-20,"8815"
"189",1986-04-27,"8815"
"190",1986-05-04,"8805"
"191",1986-05-11,"8805"
"192",1986-05-18,"8805"
"193",1986-05-25,"8805"
"194",1986-06-01,"8805"
"195",1986-06-08,"8792"
"196",1986-06-15,"8792"
"197",1986-06-22,"8792"
"198",1986-06-29,"8792"
"199",1986-07-06,"8737"
"200",1986-07-13,"8737"
"201",1986-07-20,"8737"
"202",1986-07-27,"8737"
"203",1986-08-03,"8737"
"204",1986-08-10,"8708"
"205",1986-08-17,"8708"
"206",1986-08-24,"8708"
"207",1986-08-31,"8708"
"208",1986-09-07,"8671"
"209",1986-09-14,"8671"
"210",1986-09-21,"8671"
"211",1986-09-28,"8671"
"212",1986-10-05,"8773"
"213",1986-10-12,"8773"
"214",1986-10-19,"8773"
"215",1986-10-26,"8773"
"216",1986-11-02,"8773"
"217",1986-11-09,"8321"
"218",1986-11-16,"8321"
"219",1986-11-23,"8321"
"220",1986-11-30,"8321"
"221",1986-12-07,"8348"
"222",1986-12-14,"8348"
"223",1986-12-21,"8348"
"224",1986-12-28,"8348"
"225",1987-01-04,"8353"
"226",1987-01-11,"8354"
"227",1987-01-18,"8354"
"228",1987-01-25,"8354"
"229",1987-02-01,"8354"
"230",1987-02-08,"8383"
"231",1987-02-15,"8383"
"232",1987-02-22,"8383"
"233",1987-03-01,"8383"
"234",1987-03-08,"8336"
"235",1987-03-15,"8336"
"236",1987-03-22,"8336"
"237",1987-03-29,"8336"
"238",1987-04-05,"8361"
"239",1987-04-12,"8361"
"240",1987-04-19,"8361"
"241",1987-04-26,"8361"
"242",1987-05-03,"8361"
"243",1987-05-10,"8296"
"244",1987-05-17,"8296"
"245",1987-05-24,"8296"
"246",1987-05-31,"8296"
"247",1987-06-07,"8303"
"248",1987-06-14,"8303"
"249",1987-06-21,"8303"
"250",1987-06-28,"8303"
"251",1987-07-05,"8287"
"252",1987-07-12,"8287"
"253",1987-07-19,"8287"
"254",1987-07-26,"8287"
"255",1987-08-02,"8287"
"256",1987-08-09,"8204"
"257",1987-08-16,"8204"
"258",1987-08-23,"8204"
"259",1987-08-30,"8204"
"260",1987-09-06,"8162"
"261",1987-09-13,"8162"
"262",1987-09-20,"8162"
"263",1987-09-27,"8162"
"264",1987-10-04,"8281"
"265",1987-10-11,"8281"
"266",1987-10-18,"8281"
"267",1987-10-25,"8281"
"268",1987-11-01,"8281"
"269",1987-11-08,"8283"
"270",1987-11-15,"8283"
"271",1987-11-22,"8283"
"272",1987-11-29,"8283"
"273",1987-12-06,"8348"
"274",1987-12-13,"8348"
"275",1987-12-20,"8348"
"276",1987-12-27,"8348"
"277",1988-01-03,"8348"
"278",1988-01-10,"8395"
"279",1988-01-17,"8395"
"280",1988-01-24,"8395"
"281",1988-01-31,"8395"
"282",1988-02-07,"8353"
"283",1988-02-14,"8353"
"284",1988-02-21,"8353"
"285",1988-02-28,"8353"
"286",1988-03-06,"8306"
"287",1988-03-13,"8306"
"288",1988-03-20,"8306"
"289",1988-03-27,"8306"
"290",1988-04-03,"8306"
"291",1988-04-10,"8269"
"292",1988-04-17,"8269"
"293",1988-04-24,"8269"
"294",1988-05-01,"8269"
"295",1988-05-08,"8240"
"296",1988-05-15,"8240"
"297",1988-05-22,"8240"
"298",1988-05-29,"8240"
"299",1988-06-05,"8210"
"300",1988-06-12,"8210"
"301",1988-06-19,"8210"
"302",1988-06-26,"8210"
"303",1988-07-03,"8210"
"304",1988-07-10,"8189"
"305",1988-07-17,"8189"
"306",1988-07-24,"8189"
"307",1988-07-31,"8189"
"308",1988-08-07,"8128"
"309",1988-08-14,"8128"
"310",1988-08-21,"8128"
"311",1988-08-28,"8128"
"312",1988-09-04,"8147"
"313",1988-09-11,"8147"
"314",1988-09-18,"8147"
"315",1988-09-25,"8147"
"316",1988-10-02,"8147"
"317",1988-10-09,"8085"
"318",1988-10-16,"8085"
"319",1988-10-23,"8085"
"320",1988-10-30,"8085"
"321",1988-11-06,"8026"
"322",1988-11-13,"8026"
"323",1988-11-20,"8026"
"324",1988-11-27,"8026"
"325",1988-12-04,"8035"
"326",1988-12-11,"8035"
"327",1988-12-18,"8035"
"328",1988-12-25,"8035"
"329",1989-01-01,"8035"
"330",1989-01-08,"8021"
"331",1989-01-15,"8021"
"332",1989-01-22,"8021"
"333",1989-01-29,"8021"
"334",1989-02-05,"7965"
"335",1989-02-12,"7965"
"336",1989-02-19,"7965"
"337",1989-02-26,"7965"
"338",1989-03-05,"7921"
"339",1989-03-12,"7921"
"340",1989-03-19,"7921"
"341",1989-03-26,"7921"
"342",1989-04-02,"7921"
"343",1989-04-09,"7880"
"344",1989-04-16,"7880"
"345",1989-04-23,"7880"
"346",1989-04-30,"7880"
"347",1989-05-07,"7843"
"348",1989-05-14,"7843"
"349",1989-05-21,"7843"
"350",1989-05-28,"7843"
"351",1989-06-04,"7726"
"352",1989-06-11,"7726"
"353",1989-06-18,"7726"
"354",1989-06-25,"7726"
"355",1989-07-02,"7726"
"356",1989-07-09,"7622"
"357",1989-07-16,"7622"
"358",1989-07-23,"7622"
"359",1989-07-30,"7622"
"360",1989-08-06,"7662"
"361",1989-08-13,"7662"
"362",1989-08-20,"7662"
"363",1989-08-27,"7662"
"364",1989-09-03,"7662"
"365",1989-09-10,"7641"
"366",1989-09-17,"7641"
"367",1989-09-24,"7641"
"368",1989-10-01,"7641"
"369",1989-10-08,"7644"
"370",1989-10-15,"7644"
"371",1989-10-22,"7644"
"372",1989-10-29,"7644"
"373",1989-11-05,"7601"
"374",1989-11-12,"7601"
"375",1989-11-19,"7601"
"376",1989-11-26,"7601"
"377",1989-12-03,"7601"
"378",1989-12-10,"7565"
"379",1989-12-17,"7565"
"380",1989-12-24,"7565"
"381",1989-12-31,"7565"
"382",1990-01-07,"7512"
"383",1990-01-14,"7512"
"384",1990-01-21,"7512"
"385",1990-01-28,"7512"
"386",1990-02-04,"7399"
"387",1990-02-11,"7399"
"388",1990-02-18,"7399"
"389",1990-02-25,"7399"
"390",1990-03-04,"7411"
"391",1990-03-11,"7411"
"392",1990-03-18,"7411"
"393",1990-03-25,"7411"
"394",1990-04-01,"7411"
"395",1990-04-08,"7310"
"396",1990-04-15,"7310"
"397",1990-04-22,"7310"
"398",1990-04-29,"7310"
"399",1990-05-06,"7241"
"400",1990-05-13,"7241"
"401",1990-05-20,"7241"
"402",1990-05-27,"7241"
"403",1990-06-03,"7241"
"404",1990-06-10,"6981"
"405",1990-06-17,"6981"
"406",1990-06-24,"6981"
"407",1990-07-01,"6981"
"408",1990-07-08,"7130"
"409",1990-07-15,"7130"
"410",1990-07-22,"7130"
"411",1990-07-29,"7130"
"412",1990-08-05,"6971"
"413",1990-08-12,"6971"
"414",1990-08-19,"6971"
"415",1990-08-26,"6971"
"416",1990-09-02,"6971"
"417",1990-09-09,"6991"
"418",1990-09-16,"6991"
"419",1990-09-23,"7041"
"420",1990-09-30,"7041"
"421",1990-10-07,"7261"
"422",1990-10-14,"7261"
"423",1990-10-21,"7261"
"424",1990-10-28,"7329"
"425",1990-11-04,"7342"
"426",1990-11-11,"7284"
"427",1990-11-18,"6910"
"428",1990-11-25,"7440"
"429",1990-12-02,"7235"
"430",1990-12-09,"6996"
"431",1990-12-16,"7474"
"432",1990-12-23,"7245"
"433",1990-12-30,"7559"
"434",1991-01-06,"7481"
"435",1991-01-13,"7475"
"436",1991-01-20,"7461"
"437",1991-01-27,"7219"
"438",1991-02-03,"7477"
"439",1991-02-10,"7463"
"440",1991-02-17,"7427"
"441",1991-02-24,"7415"
"442",1991-03-03,"7404"
"443",1991-03-10,"7394"
"444",1991-03-17,"7412"
"445",1991-03-24,"7385"
"446",1991-03-31,"7383"
"447",1991-04-07,"7356"
"448",1991-04-14,"7334"
"449",1991-04-21,"7370"
"450",1991-04-28,"7346"
"451",1991-05-05,"7295"
"452",1991-05-12,"7303"
"453",1991-05-19,"7280"
"454",1991-05-26,"7336"
"455",1991-06-02,"7323"
"456",1991-06-09,"7301"
"457",1991-06-16,"7359"
"458",1991-06-23,"7338"
"459",1991-06-30,"7377"
"460",1991-07-07,"7383"
"461",1991-07-14,"7365"
"462",1991-07-21,"7348"
"463",1991-07-28,"7355"
"464",1991-08-04,"7342"
"465",1991-08-11,"7228"
"466",1991-08-18,"7302"
"467",1991-08-25,"7215"
"468",1991-09-01,"7274"
"469",1991-09-08,"7150"
"470",1991-09-15,"7267"
"471",1991-09-22,"7327"
"472",1991-09-29,"7365"
"473",1991-10-06,"7381"
"474",1991-10-13,"7387"
"475",1991-10-20,"7381"
"476",1991-10-27,"7384"
"477",1991-11-03,"7359"
"478",1991-11-10,"7140"
"479",1991-11-17,"7426"
"480",1991-11-24,"7388"
"481",1991-12-01,"7226"
"482",1991-12-08,"7376"
"483",1991-12-15,"6731"
"484",1991-12-22,"7451"
"485",1991-12-29,"7449"
"486",1992-01-05,"7422"
"487",1992-01-12,"7410"
"488",1992-01-19,"7235"
"489",1992-01-26,"7343"
"490",1992-02-02,"7357"
"491",1992-02-09,"7382"
"492",1992-02-16,"7364"
"493",1992-02-23,"7329"
"494",1992-03-01,"7365"
"495",1992-03-08,"7357"
"496",1992-03-15,"7345"
"497",1992-03-22,"7324"
"498",1992-03-29,"7283"
"499",1992-04-05,"7327"
"500",1992-04-12,"7277"
"501",1992-04-19,"7353"
"502",1992-04-26,"7238"
"503",1992-05-03,"7235"
"504",1992-05-10,"7248"
"505",1992-05-17,"7160"
"506",1992-05-24,"7205"
"507",1992-05-31,"7219"
"508",1992-06-07,"7240"
"509",1992-06-14,"7228"
"510",1992-06-21,"7218"
"511",1992-06-28,"7194"
"512",1992-07-05,"7221"
"513",1992-07-12,"7125"
"514",1992-07-19,"7144"
"515",1992-07-26,"7095"
"516",1992-08-02,"7059"
"517",1992-08-09,"7124"
"518",1992-08-16,"6990"
"519",1992-08-23,"7120"
"520",1992-08-30,"6678"
"521",1992-09-06,"6847"
"522",1992-09-13,"6955"
"523",1992-09-20,"7012"
"524",1992-09-27,"7049"
"525",1992-10-04,"7046"
"526",1992-10-11,"7011"
"527",1992-10-18,"7032"
"528",1992-10-25,"7036"
"529",1992-11-01,"7041"
"530",1992-11-08,"7011"
"531",1992-11-15,"6954"
"532",1992-11-22,"6987"
"533",1992-11-29,"7064"
"534",1992-12-06,"7074"
"535",1992-12-13,"7087"
"536",1992-12-20,"7098"
"537",1992-12-27,"7053"
"538",1993-01-03,"6995"
"539",1993-01-10,"7015"
"540",1993-01-17,"6994"
"541",1993-01-24,"7043"
"542",1993-01-31,"7035"
"543",1993-02-07,"7031"
"544",1993-02-14,"7033"
"545",1993-02-21,"6960"
"546",1993-02-28,"6981"
"547",1993-03-07,"7018"
"548",1993-03-14,"6981"
"549",1993-03-21,"6979"
"550",1993-03-28,"6964"
"551",1993-04-04,"6971"
"552",1993-04-11,"6883"
"553",1993-04-18,"6896"
"554",1993-04-25,"6912"
"555",1993-05-02,"6913"
"556",1993-05-09,"6902"
"557",1993-05-16,"6846"
"558",1993-05-23,"6818"
"559",1993-05-30,"6842"
"560",1993-06-06,"6789"
"561",1993-06-13,"6817"
"562",1993-06-20,"6766"
"563",1993-06-27,"6749"
"564",1993-07-04,"6742"
"565",1993-07-11,"6772"
"566",1993-07-18,"6643"
"567",1993-07-25,"6540"
"568",1993-08-01,"6730"
"569",1993-08-08,"6753"
"570",1993-08-15,"6761"
"571",1993-08-22,"6774"
"572",1993-08-29,"6790"
"573",1993-09-05,"6734"
"574",1993-09-12,"6665"
"575",1993-09-19,"6706"
"576",1993-09-26,"6650"
"577",1993-10-03,"6684"
"578",1993-10-10,"6654"
"579",1993-10-17,"6772"
"580",1993-10-24,"6837"
"581",1993-10-31,"6868"
"582",1993-11-07,"6872"
"583",1993-11-14,"6882"
"584",1993-11-21,"6847"
"585",1993-11-28,"6878"
"586",1993-12-05,"6943"
"587",1993-12-12,"6923"
"588",1993-12-19,"6897"
"589",1993-12-26,"6854"
"590",1994-01-02,"6857"
"591",1994-01-09,"6875"
"592",1994-01-16,"6880"
"593",1994-01-23,"6845"
"594",1994-01-30,"6886"
"595",1994-02-06,"6836"
"596",1994-02-13,"6802"
"597",1994-02-20,"6546"
"598",1994-02-27,"6792"
"599",1994-03-06,"6763"
"600",1994-03-13,"6704"
"601",1994-03-20,"6728"
"602",1994-03-27,"6599"
"603",1994-04-03,"6683"
"604",1994-04-10,"6641"
"605",1994-04-17,"6711"
"606",1994-04-24,"6292"
"607",1994-05-01,"6748"
"608",1994-05-08,"6706"
"609",1994-05-15,"6657"
"610",1994-05-22,"6732"
"611",1994-05-29,"6629"
"612",1994-06-05,"6695"
"613",1994-06-12,"6530"
"614",1994-06-19,"6648"
"615",1994-06-26,"6656"
"616",1994-07-03,"6604"
"617",1994-07-10,"6591"
"618",1994-07-17,"6618"
"619",1994-07-24,"6522"
"620",1994-07-31,"6566"
"621",1994-08-07,"6582"
"622",1994-08-14,"6521"
"623",1994-08-21,"6540"
"624",1994-08-28,"6583"
"625",1994-09-04,"6552"
"626",1994-09-11,"6545"
"627",1994-09-18,"6526"
"628",1994-09-25,"6595"
"629",1994-10-02,"6640"
"630",1994-10-09,"6692"
"631",1994-10-16,"6703"
"632",1994-10-23,"6703"
"633",1994-10-30,"6633"
"634",1994-11-06,"6620"
"635",1994-11-13,"6616"
"636",1994-11-20,"6668"
"637",1994-11-27,"6626"
"638",1994-12-04,"6472"
"639",1994-12-11,"6670"
"640",1994-12-18,"6655"
"641",1994-12-25,"6703"
"642",1995-01-01,"6675"
"643",1995-01-08,"6651"
"644",1995-01-15,"6672"
"645",1995-01-22,"6571"
"646",1995-01-29,"6526"
"647",1995-02-05,"6662"
"648",1995-02-12,"6595"
"649",1995-02-19,"6613"
"650",1995-02-26,"6546"
"651",1995-03-05,"6660"
"652",1995-03-12,"6598"
"653",1995-03-19,"6632"
"654",1995-03-26,"6474"
"655",1995-04-02,"6380"
"656",1995-04-09,"6554"
"657",1995-04-16,"6597"
"658",1995-04-23,"6603"
"659",1995-04-30,"6539"
"660",1995-05-07,"6604"
"661",1995-05-14,"6610"
"662",1995-05-21,"6598"
"663",1995-05-28,"6626"
"664",1995-06-04,"6592"
"665",1995-06-11,"6593"
"666",1995-06-18,"6560"
"667",1995-06-25,"6529"
"668",1995-07-02,"6545"
"669",1995-07-09,"6518"
"670",1995-07-16,"6448"
"671",1995-07-23,"6417"
"672",1995-07-30,"6484"
"673",1995-08-06,"6444"
"674",1995-08-13,"6476"
"675",1995-08-20,"6475"
"676",1995-08-27,"6483"
"677",1995-09-03,"6507"
"678",1995-09-10,"6491"
"679",1995-09-17,"6248"
"680",1995-09-24,"6414"
"681",1995-10-01,"6450"
"682",1995-10-08,"6215"
"683",1995-10-15,"6404"
"684",1995-10-22,"6497"
"685",1995-10-29,"6512"
"686",1995-11-05,"6539"
"687",1995-11-12,"6516"
"688",1995-11-19,"6493"
"689",1995-11-26,"6484"
"690",1995-12-03,"6450"
"691",1995-12-10,"6428"
"692",1995-12-17,"6411"
"693",1995-12-24,"6467"
"694",1995-12-31,"6474"
"695",1996-01-07,"6464"
"696",1996-01-14,"6498"
"697",1996-01-21,"6516"
"698",1996-01-28,"6405"
"699",1996-02-04,"6413"
"700",1996-02-11,"6505"
"701",1996-02-18,"6511"
"702",1996-02-25,"6501"
"703",1996-03-03,"6496"
"704",1996-03-10,"6461"
"705",1996-03-17,"6490"
"706",1996-03-24,"6473"
"707",1996-03-31,"6440"
"708",1996-04-07,"6441"
"709",1996-04-14,"6390"
"710",1996-04-21,"6425"
"711",1996-04-28,"6173"
"712",1996-05-05,"6454"
"713",1996-05-12,"6065"
"714",1996-05-19,"6363"
"715",1996-05-26,"6412"
"716",1996-06-02,"6392"
"717",1996-06-09,"6421"
"718",1996-06-16,"6515"
"719",1996-06-23,"6452"
"720",1996-06-30,"6489"
"721",1996-07-07,"6499"
"722",1996-07-14,"6499"
"723",1996-07-21,"6345"
"724",1996-07-28,"6394"
"725",1996-08-04,"6297"
"726",1996-08-11,"6286"
"727",1996-08-18,"6445"
"728",1996-08-25,"6481"
"729",1996-09-01,"6526"
"730",1996-09-08,"6497"
"731",1996-09-15,"6498"
"732",1996-09-22,"6467"
"733",1996-09-29,"6520"
"734",1996-10-06,"6485"
"735",1996-10-13,"6485"
"736",1996-10-20,"6523"
"737",1996-10-27,"6514"
"738",1996-11-03,"6513"
"739",1996-11-10,"6541"
"740",1996-11-17,"6531"
"741",1996-11-24,"6512"
"742",1996-12-01,"6538"
"743",1996-12-08,"6534"
"744",1996-12-15,"6518"
"745",1996-12-22,"6523"
"746",1996-12-29,"6506"
"747",1997-01-05,"6454"
"748",1997-01-12,"6499"
"749",1997-01-19,"6476"
"750",1997-01-26,"6513"
"751",1997-02-02,"6505"
"752",1997-02-09,"6483"
"753",1997-02-16,"6502"
"754",1997-02-23,"6496"
"755",1997-03-02,"6501"
"756",1997-03-09,"6440"
"757",1997-03-16,"6449"
"758",1997-03-23,"6391"
"759",1997-03-30,"6409"
"760",1997-04-06,"6493"
"761",1997-04-13,"6433"
"762",1997-04-20,"6412"
"763",1997-04-27,"6465"
"764",1997-05-04,"6409"
"765",1997-05-11,"6430"
"766",1997-05-18,"6426"
"767",1997-05-25,"6423"
"768",1997-06-01,"6439"
"769",1997-06-08,"6435"
"770",1997-06-15,"6415"
"771",1997-06-22,"6334"
"772",1997-06-29,"6357"
"773",1997-07-06,"6338"
"774",1997-07-13,"6351"
"775",1997-07-20,"6352"
"776",1997-07-27,"6337"
"777",1997-08-03,"6360"
"778",1997-08-10,"6127"
"779",1997-08-17,"6221"
"780",1997-08-24,"6387"
"781",1997-08-31,"6400"
"782",1997-09-07,"6362"
"783",1997-09-14,"6393"
"784",1997-09-21,"6366"
"785",1997-09-28,"6396"
"786",1997-10-05,"6375"
"787",1997-10-12,"6371"
"788",1997-10-19,"6408"
"789",1997-10-26,"6407"
"790",1997-11-02,"6400"
"791",1997-11-09,"6418"
"792",1997-11-16,"6385"
"793",1997-11-23,"6390"
"794",1997-11-30,"6416"
"795",1997-12-07,"6448"
"796",1997-12-14,"6440"
"797",1997-12-21,"6463"
"798",1997-12-28,"6462"
"799",1998-01-04,"6459"
"800",1998-01-11,"6430"
"801",1998-01-18,"6376"
"802",1998-01-25,"6359"
"803",1998-02-01,"6377"
"804",1998-02-08,"6412"
"805",1998-02-15,"6424"
"806",1998-02-22,"6415"
"807",1998-03-01,"6368"
"808",1998-03-08,"6440"
"809",1998-03-15,"6420"
"810",1998-03-22,"6336"
"811",1998-03-29,"6405"
"812",1998-04-05,"6443"
"813",1998-04-12,"6407"
"814",1998-04-19,"6417"
"815",1998-04-26,"6397"
"816",1998-05-03,"6422"
"817",1998-05-10,"6422"
"818",1998-05-17,"6378"
"819",1998-05-24,"6368"
"820",1998-05-31,"6346"
"821",1998-06-07,"6333"
"822",1998-06-14,"6372"
"823",1998-06-21,"6383"
"824",1998-06-28,"6269"
"825",1998-07-05,"6311"
"826",1998-07-12,"6354"
"827",1998-07-19,"6351"
"828",1998-07-26,"6354"
"829",1998-08-02,"6340"
"830",1998-08-09,"6336"
"831",1998-08-16,"6319"
"832",1998-08-23,"6315"
"833",1998-08-30,"6346"
"834",1998-09-06,"6349"
"835",1998-09-13,"6366"
"836",1998-09-20,"6411"
"837",1998-09-27,"6396"
"838",1998-10-04,"5950"
"839",1998-10-11,"6368"
"840",1998-10-18,"6418"
"841",1998-10-25,"6442"
"842",1998-11-01,"6417"
"843",1998-11-08,"6398"
"844",1998-11-15,"6401"
"845",1998-11-22,"6399"
"846",1998-11-29,"6401"
"847",1998-12-06,"6390"
"848",1998-12-13,"6390"
"849",1998-12-20,"6449"
"850",1998-12-27,"6437"
"851",1999-01-03,"6342"
"852",1999-01-10,"6393"
"853",1999-01-17,"6373"
"854",1999-01-24,"6352"
"855",1999-01-31,"6363"
"856",1999-02-07,"6369"
"857",1999-02-14,"6052"
"858",1999-02-21,"5899"
"859",1999-02-28,"5911"
"860",1999-03-07,"5920"
"861",1999-03-14,"5895"
"862",1999-03-21,"5894"
"863",1999-03-28,"5864"
"864",1999-04-04,"5879"
"865",1999-04-11,"5740"
"866",1999-04-18,"5849"
"867",1999-04-25,"5707"
"868",1999-05-02,"5877"
"869",1999-05-09,"5835"
"870",1999-05-16,"5804"
"871",1999-05-23,"5857"
"872",1999-05-30,"5845"
"873",1999-06-06,"5864"
"874",1999-06-13,"5868"
"875",1999-06-20,"5926"
"876",1999-06-27,"5884"
"877",1999-07-04,"5662"
"878",1999-07-11,"5808"
"879",1999-07-18,"5952"
"880",1999-07-25,"5927"
"881",1999-08-01,"5898"
"882",1999-08-08,"5925"
"883",1999-08-15,"5950"
"884",1999-08-22,"5970"
"885",1999-08-29,"5994"
"886",1999-09-05,"6014"
"887",1999-09-12,"5917"
"888",1999-09-19,"5692"
"889",1999-09-26,"5973"
"890",1999-10-03,"6032"
"891",1999-10-10,"6082"
"892",1999-10-17,"6090"
"893",1999-10-24,"6101"
"894",1999-10-31,"6111"
"895",1999-11-07,"6134"
"896",1999-11-14,"6128"
"897",1999-11-21,"6059"
"898",1999-11-28,"6006"
"899",1999-12-05,"6087"
"900",1999-12-12,"6057"
"901",1999-12-19,"6043"
"902",1999-12-26,"6058"
"903",2000-01-02,"6043"
"904",2000-01-09,"6000"
"905",2000-01-16,"6019"
"906",2000-01-23,"6013"
"907",2000-01-30,"5988"
"908",2000-02-06,"6011"
"909",2000-02-13,"5994"
"910",2000-02-20,"5989"
"911",2000-02-27,"6007"
"912",2000-03-05,"5974"
"913",2000-03-12,"5857"
"914",2000-03-19,"5859"
"915",2000-03-26,"5863"
"916",2000-04-02,"5873"
"917",2000-04-09,"5820"
"918",2000-04-16,"5840"
"919",2000-04-23,"5836"
"920",2000-04-30,"5838"
"921",2000-05-07,"5798"
"922",2000-05-14,"5757"
"923",2000-05-21,"5793"
"924",2000-05-28,"5784"
"925",2000-06-04,"5704"
"926",2000-06-11,"5804"
"927",2000-06-18,"5791"
"928",2000-06-25,"5726"
"929",2000-07-02,"5732"
"930",2000-07-09,"5766"
"931",2000-07-16,"5788"
"932",2000-07-23,"5769"
"933",2000-07-30,"5764"
"934",2000-08-06,"5778"
"935",2000-08-13,"5745"
"936",2000-08-20,"5773"
"937",2000-08-27,"5782"
"938",2000-09-03,"5783"
"939",2000-09-10,"5802"
"940",2000-09-17,"5803"
"941",2000-09-24,"5680"
"942",2000-10-01,"5862"
"943",2000-10-08,"5867"
"944",2000-10-15,"5864"
"945",2000-10-22,"5880"
"946",2000-10-29,"5894"
"947",2000-11-05,"5903"
"948",2000-11-12,"5889"
"949",2000-11-19,"5854"
"950",2000-11-26,"5883"
"951",2000-12-03,"5925"
"952",2000-12-10,"5903"
"953",2000-12-17,"5897"
"954",2000-12-24,"5875"
"955",2000-12-31,"5903"
"956",2001-01-07,"5944"
"957",2001-01-14,"5949"
"958",2001-01-21,"5912"
"959",2001-01-28,"5935"
"960",2001-02-04,"5929"
"961",2001-02-11,"5866"
"962",2001-02-18,"5857"
"963",2001-02-25,"5875"
"964",2001-03-04,"5876"
"965",2001-03-11,"5868"
"966",2001-03-18,"5883"
"967",2001-03-25,"5868"
"968",2001-04-01,"5883"
"969",2001-04-08,"5867"
"970",2001-04-15,"5855"
"971",2001-04-22,"5861"
"972",2001-04-29,"5884"
"973",2001-05-06,"5831"
"974",2001-05-13,"5780"
"975",2001-05-20,"5785"
"976",2001-05-27,"5819"
"977",2001-06-03,"5823"
"978",2001-06-10,"5746"
"979",2001-06-17,"5726"
"980",2001-06-24,"5740"
"981",2001-07-01,"5756"
"982",2001-07-08,"5756"
"983",2001-07-15,"5770"
"984",2001-07-22,"5731"
"985",2001-07-29,"5705"
"986",2001-08-05,"5745"
"987",2001-08-12,"5773"
"988",2001-08-19,"5785"
"989",2001-08-26,"5796"
"990",2001-09-02,"5751"
"991",2001-09-09,"5829"
"992",2001-09-16,"5814"
"993",2001-09-23,"5789"
"994",2001-09-30,"5735"
"995",2001-10-07,"5736"
"996",2001-10-14,"5515"
"997",2001-10-21,"5828"
"998",2001-10-28,"5879"
"999",2001-11-04,"5859"
"1000",2001-11-11,"5863"
"1001",2001-11-18,"5872"
"1002",2001-11-25,"5882"
"1003",2001-12-02,"5873"
"1004",2001-12-09,"5856"
"1005",2001-12-16,"5884"
"1006",2001-12-23,"5911"
"1007",2001-12-30,"5902"
"1008",2002-01-06,"5922"
"1009",2002-01-13,"5922"
"1010",2002-01-20,"5911"
"1011",2002-01-27,"5909"
"1012",2002-02-03,"5916"
"1013",2002-02-10,"5952"
"1014",2002-02-17,"5927"
"1015",2002-02-24,"5956"
"1016",2002-03-03,"5966"
"1017",2002-03-10,"5947"
"1018",2002-03-17,"5975"
"1019",2002-03-24,"5948"
"1020",2002-03-31,"5956"
"1021",2002-04-07,"5916"
"1022",2002-04-14,"5922"
"1023",2002-04-21,"5896"
"1024",2002-04-28,"5865"
"1025",2002-05-05,"5879"
"1026",2002-05-12,"5889"
"1027",2002-05-19,"5894"
"1028",2002-05-26,"5890"
"1029",2002-06-02,"5896"
"1030",2002-06-09,"5897"
"1031",2002-06-16,"5910"
"1032",2002-06-23,"5939"
"1033",2002-06-30,"5917"
"1034",2002-07-07,"5898"
"1035",2002-07-14,"5885"
"1036",2002-07-21,"5839"
"1037",2002-07-28,"5844"
"1038",2002-08-04,"5604"
"1039",2002-08-11,"5858"
"1040",2002-08-18,"5907"
"1041",2002-08-25,"5918"
"1042",2002-09-01,"5883"
"1043",2002-09-08,"5773"
"1044",2002-09-15,"5716"
"1045",2002-09-22,"5736"
"1046",2002-09-29,"5190"
"1047",2002-10-06,"4803"
"1048",2002-10-13,"5490"
"1049",2002-10-20,"5721"
"1050",2002-10-27,"5714"
"1051",2002-11-03,"5711"
"1052",2002-11-10,"5349"
"1053",2002-11-17,"5738"
"1054",2002-11-24,"5754"
"1055",2002-12-01,"5740"
"1056",2002-12-08,"5763"
"1057",2002-12-15,"5752"
"1058",2002-12-22,"5758"
"1059",2002-12-29,"5749"
"1060",2003-01-05,"5752"
"1061",2003-01-12,"5728"
"1062",2003-01-19,"5702"
"1063",2003-01-26,"5739"
"1064",2003-02-02,"5764"
"1065",2003-02-09,"5899"
"1066",2003-02-16,"5906"
"1067",2003-02-23,"5898"
"1068",2003-03-02,"5901"
"1069",2003-03-09,"5872"
"1070",2003-03-16,"5886"
"1071",2003-03-23,"5906"
"1072",2003-03-30,"5906"
"1073",2003-04-06,"5866"
"1074",2003-04-13,"5801"
"1075",2003-04-20,"5772"
"1076",2003-04-27,"5766"
"1077",2003-05-04,"5829"
"1078",2003-05-11,"5855"
"1079",2003-05-18,"5807"
"1080",2003-05-25,"5813"
"1081",2003-06-01,"5837"
"1082",2003-06-08,"5803"
"1083",2003-06-15,"5860"
"1084",2003-06-22,"5900"
"1085",2003-06-29,"5867"
"1086",2003-07-06,"5815"
"1087",2003-07-13,"5770"
"1088",2003-07-20,"5777"
"1089",2003-07-27,"5699"
"1090",2003-08-03,"5738"
"1091",2003-08-10,"5747"
"1092",2003-08-17,"5750"
"1093",2003-08-24,"5736"
"1094",2003-08-31,"5723"
"1095",2003-09-07,"5727"
"1096",2003-09-14,"5703"
"1097",2003-09-21,"5739"
"1098",2003-09-28,"5734"
"1099",2003-10-05,"5678"
"1100",2003-10-12,"5559"
"1101",2003-10-19,"5605"
"1102",2003-10-26,"5614"
"1103",2003-11-02,"5550"
"1104",2003-11-09,"5596"
"1105",2003-11-16,"5692"
"1106",2003-11-23,"5683"
"1107",2003-11-30,"5709"
"1108",2003-12-07,"5597"
"1109",2003-12-14,"5592"
"1110",2003-12-21,"5663"
"1111",2003-12-28,"5658"
"1112",2004-01-04,"5664"
"1113",2004-01-11,"5705"
"1114",2004-01-18,"5717"
"1115",2004-01-25,"5709"
"1116",2004-02-01,"5710"
"1117",2004-02-08,"5703"
"1118",2004-02-15,"5658"
"1119",2004-02-22,"5622"
"1120",2004-02-29,"5661"
"1121",2004-03-07,"5675"
"1122",2004-03-14,"5658"
"1123",2004-03-21,"5657"
"1124",2004-03-28,"5658"
"1125",2004-04-04,"5661"
"1126",2004-04-11,"5611"
"1127",2004-04-18,"5588"
"1128",2004-04-25,"5618"
"1129",2004-05-02,"5624"
"1130",2004-05-09,"5626"
"1131",2004-05-16,"5611"
"1132",2004-05-23,"5608"
"1133",2004-05-30,"5460"
"1134",2004-06-06,"5452"
"1135",2004-06-13,"5411"
"1136",2004-06-20,"5434"
"1137",2004-06-27,"5394"
"1138",2004-07-04,"5404"
"1139",2004-07-11,"5485"
"1140",2004-07-18,"5334"
"1141",2004-07-25,"5446"
"1142",2004-08-01,"5367"
"1143",2004-08-08,"5414"
"1144",2004-08-15,"5243"
"1145",2004-08-22,"5113"
"1146",2004-08-29,"5401"
"1147",2004-09-05,"5360"
"1148",2004-09-12,"5337"
"1149",2004-09-19,"5087"
"1150",2004-09-26,"4946"
"1151",2004-10-03,"4656"
"1152",2004-10-10,"5033"
"1153",2004-10-17,"5090"
"1154",2004-10-24,"5110"
"1155",2004-10-31,"5176"
"1156",2004-11-07,"5319"
"1157",2004-11-14,"5391"
"1158",2004-11-21,"5395"
"1159",2004-11-28,"5408"
"1160",2004-12-05,"5396"
"1161",2004-12-12,"5439"
"1162",2004-12-19,"5461"
"1163",2004-12-26,"5421"
"1164",2005-01-02,"5430"
"1165",2005-01-09,"5430"
"1166",2005-01-16,"5417"
"1167",2005-01-23,"5456"
"1168",2005-01-30,"5437"
"1169",2005-02-06,"5421"
"1170",2005-02-13,"5427"
"1171",2005-02-20,"5436"
"1172",2005-02-27,"5492"
"1173",2005-03-06,"5489"
"1174",2005-03-13,"5504"
"1175",2005-03-20,"5480"
"1176",2005-03-27,"5496"
"1177",2005-04-03,"5504"
"1178",2005-04-10,"5428"
"1179",2005-04-17,"5441"
"1180",2005-04-24,"5415"
"1181",2005-05-01,"5423"
"1182",2005-05-08,"5510"
"1183",2005-05-15,"5521"
"1184",2005-05-22,"5539"
"1185",2005-05-29,"5537"
"1186",2005-06-05,"5515"
"1187",2005-06-12,"5542"
"1188",2005-06-19,"5541"
"1189",2005-06-26,"5359"
"1190",2005-07-03,"5498"
"1191",2005-07-10,"5463"
"1192",2005-07-17,"4758"
"1193",2005-07-24,"5448"
"1194",2005-07-31,"5149"
"1195",2005-08-07,"5417"
"1196",2005-08-14,"5359"
"1197",2005-08-21,"5395"
"1198",2005-08-28,"5427"
"1199",2005-09-04,"4360"
"1200",2005-09-11,"4268"
"1201",2005-09-18,"4500"
"1202",2005-09-25,"4348"
"1203",2005-10-02,"3813"
"1204",2005-10-09,"3901"
"1205",2005-10-16,"4147"
"1206",2005-10-23,"4108"
"1207",2005-10-30,"4068"
"1208",2005-11-06,"4306"
"1209",2005-11-13,"4583"
"1210",2005-11-20,"4579"
"1211",2005-11-27,"4765"
"1212",2005-12-04,"5021"
"1213",2005-12-11,"4933"
"1214",2005-12-18,"4890"
"1215",2005-12-25,"4891"
"1216",2006-01-01,"4864"
"1217",2006-01-08,"5023"
"1218",2006-01-15,"5110"
"1219",2006-01-22,"5119"
"1220",2006-01-29,"4862"
"1221",2006-02-05,"4903"
"1222",2006-02-12,"5003"
"1223",2006-02-19,"4997"
"1224",2006-02-26,"4985"
"1225",2006-03-05,"5054"
"1226",2006-03-12,"5154"
"1227",2006-03-19,"5027"
"1228",2006-03-26,"5016"
"1229",2006-04-02,"5024"
"1230",2006-04-09,"5053"
"1231",2006-04-16,"5125"
"1232",2006-04-23,"5127"
"1233",2006-04-30,"5122"
"1234",2006-05-07,"5128"
"1235",2006-05-14,"5069"
"1236",2006-05-21,"5093"
"1237",2006-05-28,"5088"
"1238",2006-06-04,"5097"
"1239",2006-06-11,"5211"
"1240",2006-06-18,"5198"
"1241",2006-06-25,"5162"
"1242",2006-07-02,"5129"
"1243",2006-07-09,"5275"
"1244",2006-07-16,"5265"
"1245",2006-07-23,"5141"
"1246",2006-07-30,"4940"
"1247",2006-08-06,"5144"
"1248",2006-08-13,"5150"
"1249",2006-08-20,"5087"
"1250",2006-08-27,"5099"
"1251",2006-09-03,"5101"
"1252",2006-09-10,"5076"
"1253",2006-09-17,"5109"
"1254",2006-09-24,"5106"
"1255",2006-10-01,"5151"
"1256",2006-10-08,"5253"
"1257",2006-10-15,"5132"
"1258",2006-10-22,"5221"
"1259",2006-10-29,"5307"
"1260",2006-11-05,"5329"
"1261",2006-11-12,"5326"
"1262",2006-11-19,"5269"
"1263",2006-11-26,"5030"
"1264",2006-12-03,"5368"
"1265",2006-12-10,"5357"
"1266",2006-12-17,"5348"
"1267",2006-12-24,"5361"
"1268",2006-12-31,"5369"
"1269",2007-01-07,"5370"
"1270",2007-01-14,"5317"
"1271",2007-01-21,"5241"
"1272",2007-01-28,"5224"
"1273",2007-02-04,"5283"
"1274",2007-02-11,"5316"
"1275",2007-02-18,"5323"
"1276",2007-02-25,"5285"
"1277",2007-03-04,"5267"
"1278",2007-03-11,"5218"
"1279",2007-03-18,"5235"
"1280",2007-03-25,"5218"
"1281",2007-04-01,"5243"
"1282",2007-04-08,"5179"
"1283",2007-04-15,"5125"
"1284",2007-04-22,"5128"
"1285",2007-04-29,"5089"
"1286",2007-05-06,"5131"
"1287",2007-05-13,"5201"
"1288",2007-05-20,"5207"
"1289",2007-05-27,"5148"
"1290",2007-06-03,"5180"
"1291",2007-06-10,"5170"
"1292",2007-06-17,"5093"
"1293",2007-06-24,"5108"
"1294",2007-07-01,"5122"
"1295",2007-07-08,"5198"
"1296",2007-07-15,"5201"
"1297",2007-07-22,"5184"
"1298",2007-07-29,"5206"
"1299",2007-08-05,"5142"
"1300",2007-08-12,"5192"
"1301",2007-08-19,"5119"
"1302",2007-08-26,"5161"
"1303",2007-09-02,"5021"
"1304",2007-09-09,"5129"
"1305",2007-09-16,"5039"
"1306",2007-09-23,"5027"
"1307",2007-09-30,"5064"
"1308",2007-10-07,"5059"
"1309",2007-10-14,"5102"
"1310",2007-10-21,"5122"
"1311",2007-10-28,"5114"
"1312",2007-11-04,"5126"
"1313",2007-11-11,"5134"
"1314",2007-11-18,"4942"
"1315",2007-11-25,"5117"
"1316",2007-12-02,"5133"
"1317",2007-12-09,"5117"
"1318",2007-12-16,"5110"
"1319",2007-12-23,"5117"
"1320",2007-12-30,"5078"
"1321",2008-01-06,"5051"
"1322",2008-01-13,"5013"
"1323",2008-01-20,"5042"
"1324",2008-01-27,"4998"
"1325",2008-02-03,"5013"
"1326",2008-02-10,"5044"
"1327",2008-02-17,"5034"
"1328",2008-02-24,"5044"
"1329",2008-03-02,"5050"
"1330",2008-03-09,"5100"
"1331",2008-03-16,"5100"
"1332",2008-03-23,"5103"
"1333",2008-03-30,"5087"
"1334",2008-04-06,"5097"
"1335",2008-04-13,"5096"
"1336",2008-04-20,"5101"
"1337",2008-04-27,"5098"
"1338",2008-05-04,"5099"
"1339",2008-05-11,"5128"
"1340",2008-05-18,"5045"
"1341",2008-05-25,"5128"
"1342",2008-06-01,"5139"
"1343",2008-06-08,"5114"
"1344",2008-06-15,"5145"
"1345",2008-06-22,"5120"
"1346",2008-06-29,"5123"
"1347",2008-07-06,"4960"
"1348",2008-07-13,"5139"
"1349",2008-07-20,"5165"
"1350",2008-07-27,"5160"
"1351",2008-08-03,"5172"
"1352",2008-08-10,"5139"
"1353",2008-08-17,"5078"
"1354",2008-08-24,"4906"
"1355",2008-08-31,"5097"
"1356",2008-09-07,"4084"
"1357",2008-09-14,"3988"
"1358",2008-09-21,"3932"
"1359",2008-09-28,"3839"
"1360",2008-10-05,"4422"
"1361",2008-10-12,"4572"
"1362",2008-10-19,"4630"
"1363",2008-10-26,"4675"
"1364",2008-11-02,"4776"
"1365",2008-11-09,"4885"
"1366",2008-11-16,"4943"
"1367",2008-11-23,"5006"
"1368",2008-11-30,"5118"
"1369",2008-12-07,"5152"
"1370",2008-12-14,"4967"
"1371",2008-12-21,"4972"
"1372",2008-12-28,"4979"
"1373",2009-01-04,"4935"
"1374",2009-01-11,"4917"
"1375",2009-01-18,"5052"
"1376",2009-01-25,"5045"
"1377",2009-02-01,"5235"
"1378",2009-02-08,"5327"
"1379",2009-02-15,"5323"
"1380",2009-02-22,"5300"
"1381",2009-03-01,"5373"
"1382",2009-03-08,"5401"
"1383",2009-03-15,"5414"
"1384",2009-03-22,"5432"
"1385",2009-03-29,"5480"
"1386",2009-04-05,"5469"
"1387",2009-04-12,"5482"
"1388",2009-04-19,"5421"
"1389",2009-04-26,"5269"
"1390",2009-05-03,"5280"
"1391",2009-05-10,"5306"
"1392",2009-05-17,"5352"
"1393",2009-05-24,"5364"
"1394",2009-05-31,"5358"
"1395",2009-06-07,"5358"
"1396",2009-06-14,"5273"
"1397",2009-06-21,"5257"
"1398",2009-06-28,"5163"
"1399",2009-07-05,"5171"
"1400",2009-07-12,"5171"
"1401",2009-07-19,"5176"
"1402",2009-07-26,"5107"
"1403",2009-08-02,"5246"
"1404",2009-08-09,"5172"
"1405",2009-08-16,"5169"
"1406",2009-08-23,"5173"
"1407",2009-08-30,"5244"
"1408",2009-09-06,"5266"
"1409",2009-09-13,"5304"
"1410",2009-09-20,"5300"
"1411",2009-09-27,"5375"
"1412",2009-10-04,"5360"
"1413",2009-10-11,"5377"
"1414",2009-10-18,"5371"
"1415",2009-10-25,"5357"
"1416",2009-11-01,"5391"
"1417",2009-11-08,"5506"
"1418",2009-11-15,"5317"
"1419",2009-11-22,"5433"
"1420",2009-11-29,"5561"
"1421",2009-12-06,"5538"
"1422",2009-12-13,"5524"
"1423",2009-12-20,"5524"
"1424",2009-12-27,"5512"
"1425",2010-01-03,"5507"
"1426",2010-01-10,"5496"
"1427",2010-01-17,"5404"
"1428",2010-01-24,"5421"
"1429",2010-01-31,"5403"
"1430",2010-02-07,"5475"
"1431",2010-02-14,"5482"
"1432",2010-02-21,"5505"
"1433",2010-02-28,"5510"
"1434",2010-03-07,"5527"
"1435",2010-03-14,"5540"
"1436",2010-03-21,"5536"
"1437",2010-03-28,"5489"
"1438",2010-04-04,"5473"
"1439",2010-04-11,"5475"
"1440",2010-04-18,"5466"
"1441",2010-04-25,"5488"
"1442",2010-05-02,"5522"
"1443",2010-05-09,"5533"
"1444",2010-05-16,"5516"
"1445",2010-05-23,"5540"
"1446",2010-05-30,"5320"
"1447",2010-06-06,"5445"
"1448",2010-06-13,"5503"
"1449",2010-06-20,"5501"
"1450",2010-06-27,"5257"
"1451",2010-07-04,"5414"
"1452",2010-07-11,"5352"
"1453",2010-07-18,"5460"
"1454",2010-07-25,"5486"
"1455",2010-08-01,"5440"
"1456",2010-08-08,"5239"
"1457",2010-08-15,"5352"
"1458",2010-08-22,"5511"
"1459",2010-08-29,"5602"
"1460",2010-09-05,"5603"
"1461",2010-09-12,"5573"
"1462",2010-09-19,"5556"
"1463",2010-09-26,"5562"
"1464",2010-10-03,"5514"
"1465",2010-10-10,"5528"
"1466",2010-10-17,"5536"
"1467",2010-10-24,"5540"
"1468",2010-10-31,"5593"
"1469",2010-11-07,"5596"
"1470",2010-11-14,"5597"
"1471",2010-11-21,"5581"
"1472",2010-11-28,"5555"
"1473",2010-12-05,"5582"
"1474",2010-12-12,"5604"
"1475",2010-12-19,"5598"
"1476",2010-12-26,"5575"
"1477",2011-01-02,"5598"
"1478",2011-01-09,"5575"
"1479",2011-01-16,"5205"
"1480",2011-01-23,"5321"
"1481",2011-01-30,"5568"
"1482",2011-02-06,"5597"
"1483",2011-02-13,"5610"
"1484",2011-02-20,"5604"
"1485",2011-02-27,"5591"
"1486",2011-03-06,"5593"
"1487",2011-03-13,"5591"
"1488",2011-03-20,"5570"
"1489",2011-03-27,"5568"
"1490",2011-04-03,"5638"
"1491",2011-04-10,"5635"
"1492",2011-04-17,"5625"
"1493",2011-04-24,"5610"
"1494",2011-05-01,"5623"
"1495",2011-05-08,"5609"
"1496",2011-05-15,"5618"
"1497",2011-05-22,"5583"
"1498",2011-05-29,"5609"
"1499",2011-06-05,"5633"
"1500",2011-06-12,"5643"
"1501",2011-06-19,"5650"
"1502",2011-06-26,"5593"
"1503",2011-07-03,"5520"
"1504",2011-07-10,"5578"
"1505",2011-07-17,"5591"
"1506",2011-07-24,"5377"
"1507",2011-07-31,"5523"
"1508",2011-08-07,"5529"
"1509",2011-08-14,"5561"
"1510",2011-08-21,"5591"
"1511",2011-08-28,"5598"
"1512",2011-09-04,"5642"
"1513",2011-09-11,"5083"
"1514",2011-09-18,"5747"
"1515",2011-09-25,"5756"
"1516",2011-10-02,"5800"
"1517",2011-10-09,"5878"
"1518",2011-10-16,"5891"
"1519",2011-10-23,"5876"
"1520",2011-10-30,"5818"
"1521",2011-11-06,"5846"
"1522",2011-11-13,"5894"
"1523",2011-11-20,"5887"
"1524",2011-11-27,"5864"
"1525",2011-12-04,"5861"
"1526",2011-12-11,"5862"
"1527",2011-12-18,"5862"
"1528",2011-12-25,"5846"
"1529",2012-01-01,"5851"
"1530",2012-01-08,"5844"
"1531",2012-01-15,"5726"
"1532",2012-01-22,"5722"
"1533",2012-01-29,"5720"
"1534",2012-02-05,"5763"
"1535",2012-02-12,"5819"
"1536",2012-02-19,"5817"
"1537",2012-02-26,"5814"
"1538",2012-03-04,"5806"
"1539",2012-03-11,"5830"
"1540",2012-03-18,"5826"
"1541",2012-03-25,"5821"
"1542",2012-04-01,"6049"
"1543",2012-04-08,"6040"
"1544",2012-04-15,"6043"
"1545",2012-04-22,"6113"
"1546",2012-04-29,"6121"
"1547",2012-05-06,"6136"
"1548",2012-05-13,"6149"
"1549",2012-05-20,"6239"
"1550",2012-05-27,"6227"
"1551",2012-06-03,"6245"
"1552",2012-06-10,"6236"
"1553",2012-06-17,"6353"
"1554",2012-06-24,"6257"
"1555",2012-07-01,"6094"
"1556",2012-07-08,"6249"
"1557",2012-07-15,"6245"
"1558",2012-07-22,"6364"
"1559",2012-07-29,"6320"
"1560",2012-08-05,"6218"
"1561",2012-08-12,"6181"
"1562",2012-08-19,"6246"
"1563",2012-08-26,"6258"
"1564",2012-09-02,"5486"
"1565",2012-09-09,"5526"
"1566",2012-09-16,"6277"
"1567",2012-09-23,"6509"
"1568",2012-09-30,"6520"
"1569",2012-10-07,"6598"
"1570",2012-10-14,"6606"
"1571",2012-10-21,"6610"
"1572",2012-10-28,"6669"
"1573",2012-11-04,"6677"
"1574",2012-11-11,"6709"
"1575",2012-11-18,"6710"
"1576",2012-11-25,"6818"
"1577",2012-12-02,"6817"
"1578",2012-12-09,"6852"
"1579",2012-12-16,"6863"
"1580",2012-12-23,"6984"
"1581",2012-12-30,"6985"
"1582",2013-01-06,"7002"
"1583",2013-01-13,"7041"
"1584",2013-01-20,"6989"
"1585",2013-01-27,"6993"
"1586",2013-02-03,"6997"
"1587",2013-02-10,"7064"
"1588",2013-02-17,"7118"
"1589",2013-02-24,"7096"
"1590",2013-03-03,"7093"
"1591",2013-03-10,"7159"
"1592",2013-03-17,"7150"
"1593",2013-03-24,"7151"
"1594",2013-03-31,"7151"
"1595",2013-04-07,"7181"
"1596",2013-04-14,"7208"
"1597",2013-04-21,"7326"
"1598",2013-04-28,"7312"
"1599",2013-05-05,"7369"
"1600",2013-05-12,"7321"
"1601",2013-05-19,"7258"
"1602",2013-05-26,"7292"
"1603",2013-06-02,"7300"
"1604",2013-06-09,"7224"
"1605",2013-06-16,"7129"
"1606",2013-06-23,"7261"
"1607",2013-06-30,"7267"
"1608",2013-07-07,"7401"
"1609",2013-07-14,"7490"
"1610",2013-07-21,"7555"
"1611",2013-07-28,"7542"
"1612",2013-08-04,"7560"
"1613",2013-08-11,"7571"
"1614",2013-08-18,"7518"
"1615",2013-08-25,"7609"
"1616",2013-09-01,"7621"
"1617",2013-09-08,"7745"
"1618",2013-09-15,"7827"
"1619",2013-09-22,"7777"
"1620",2013-09-29,"7784"
"1621",2013-10-06,"7809"
"1622",2013-10-13,"7428"
"1623",2013-10-20,"7896"
"1624",2013-10-27,"7853"
"1625",2013-11-03,"7858"
"1626",2013-11-10,"7981"
"1627",2013-11-17,"7974"
"1628",2013-11-24,"8019"
"1629",2013-12-01,"8011"
"1630",2013-12-08,"8075"
"1631",2013-12-15,"8058"
"1632",2013-12-22,"8111"
"1633",2013-12-29,"8121"
"1634",2014-01-05,"8145"
"1635",2014-01-12,"8159"
"1636",2014-01-19,"8052"
"1637",2014-01-26,"8044"
"1638",2014-02-02,"8044"
"1639",2014-02-09,"8132"
"1640",2014-02-16,"8148"
"1641",2014-02-23,"8059"
"1642",2014-03-02,"8077"
"1643",2014-03-09,"8182"
"1644",2014-03-16,"8215"
"1645",2014-03-23,"8190"
"1646",2014-03-30,"8192"
"1647",2014-04-06,"8229"
"1648",2014-04-13,"8301"
"1649",2014-04-20,"8360"
"1650",2014-04-27,"8352"
"1651",2014-05-04,"8350"
"1652",2014-05-11,"8428"
"1653",2014-05-18,"8434"
"1654",2014-05-25,"8472"
"1655",2014-06-01,"8383"
"1656",2014-06-08,"8460"
"1657",2014-06-15,"8477"
"1658",2014-06-22,"8446"
"1659",2014-06-29,"8442"
"1660",2014-07-06,"8514"
"1661",2014-07-13,"8592"
"1662",2014-07-20,"8565"
"1663",2014-07-27,"8443"
"1664",2014-08-03,"8453"
"1665",2014-08-10,"8556"
"1666",2014-08-17,"8577"
"1667",2014-08-24,"8631"
"1668",2014-08-31,"8630"
"1669",2014-09-07,"8590"
"1670",2014-09-14,"8838"
"1671",2014-09-21,"8867"
"1672",2014-09-28,"8837"
"1673",2014-10-05,"8875"
"1674",2014-10-12,"8951"
"1675",2014-10-19,"8934"
"1676",2014-10-26,"8970"
"1677",2014-11-02,"8972"
"1678",2014-11-09,"9063"
"1679",2014-11-16,"9004"
"1680",2014-11-23,"9077"
"1681",2014-11-30,"9083"
"1682",2014-12-07,"9118"
"1683",2014-12-14,"9137"
"1684",2014-12-21,"9127"
"1685",2014-12-28,"9121"
"1686",2015-01-04,"9132"
"1687",2015-01-11,"9192"
"1688",2015-01-18,"9186"
"1689",2015-01-25,"9213"
"1690",2015-02-01,"9177"
"1691",2015-02-08,"9226"
"1692",2015-02-15,"9280"
"1693",2015-02-22,"9285"
"1694",2015-03-01,"9324"
"1695",2015-03-08,"9366"
"1696",2015-03-15,"9419"
"1697",2015-03-22,"9422"
"1698",2015-03-29,"9386"
"1699",2015-04-05,"9404"
"1700",2015-04-12,"9384"
"1701",2015-04-19,"9366"
"1702",2015-04-26,"9373"
"1703",2015-05-03,"9369"
"1704",2015-05-10,"9374"
"1705",2015-05-17,"9262"
"1706",2015-05-24,"9566"
"1707",2015-05-31,"9586"
"1708",2015-06-07,"9610"
"1709",2015-06-14,"9589"
"1710",2015-06-21,"9604"
"1711",2015-06-28,"9595"
"1712",2015-07-05,"9604"
"1713",2015-07-12,"9562"
"1714",2015-07-19,"9558"
"1715",2015-07-26,"9413"
"1716",2015-08-02,"9465"
"1717",2015-08-09,"9395"
"1718",2015-08-16,"9348"
"1719",2015-08-23,"9337"
"1720",2015-08-30,"9218"
"1721",2015-09-06,"9135"
"1722",2015-09-13,"9117"
"1723",2015-09-20,"9136"
"1724",2015-09-27,"9096"
"1725",2015-10-04,"9172"
"1726",2015-10-11,"9096"
"1727",2015-10-18,"9096"
"1728",2015-10-25,"9112"
"1729",2015-11-01,"9160"
"1730",2015-11-08,"9185"
"1731",2015-11-15,"9182"
"1732",2015-11-22,"9165"
"1733",2015-11-29,"9202"
"1734",2015-12-06,"9164"
"1735",2015-12-13,"9176"
"1736",2015-12-20,"9179"
"1737",2015-12-27,"9202"
"1738",2016-01-03,"9219"
"1739",2016-01-10,"9227"
"1740",2016-01-17,"9235"
"1741",2016-01-24,"9221"
"1742",2016-01-31,"9214"
"1743",2016-02-07,"9186"
"1744",2016-02-14,"9135"
"1745",2016-02-21,"9102"
"1746",2016-02-28,"9077"
"1747",2016-03-06,"9078"
"1748",2016-03-13,"9068"
"1749",2016-03-20,"9038"
"1750",2016-03-27,"9022"
"1751",2016-04-03,"9008"
"1752",2016-04-10,"8977"
"1753",2016-04-17,"8953"
"1754",2016-04-24,"8938"
"1755",2016-05-01,"8825"
"1756",2016-05-08,"8802"
"1757",2016-05-15,"8791"
"1758",2016-05-22,"8767"
"1759",2016-05-29,"8735"
"1760",2016-06-05,"8745"
"1761",2016-06-12,"8716"
"1762",2016-06-19,"8677"
"1763",2016-06-26,"8622"
"1764",2016-07-03,"8428"
"1765",2016-07-10,"8485"
"1766",2016-07-17,"8494"
"1767",2016-07-24,"8515"
"1768",2016-07-31,"8460"
"1769",2016-08-07,"8445"
"1770",2016-08-14,"8597"
"1771",2016-08-21,"8548"
"1772",2016-08-28,"8488"
"1773",2016-09-04,"8458"
"1774",2016-09-11,"8493"
"1775",2016-09-18,"8512"
"1776",2016-09-25,"8497"
"1777",2016-10-02,"8467"
"1778",2016-10-09,"8450"
"1779",2016-10-16,"8464"
"1780",2016-10-23,"8504"
"1781",2016-10-30,"8522"
"1782",2016-11-06,"8692"
"1783",2016-11-13,"8681"
"1784",2016-11-20,"8690"
"1785",2016-11-27,"8699"
"1786",2016-12-04,"8697"
"1787",2016-12-11,"8796"
"1788",2016-12-18,"8786"
"1789",2016-12-25,"8766"
"1790",2017-01-01,"8770"
"1791",2017-01-08,"8946"
"1792",2017-01-15,"8944"
"1793",2017-01-22,"8961"
"1794",2017-01-29,"8915"
"1795",2017-02-05,"8978"
"1796",2017-02-12,"8977"
"1797",2017-02-19,"9001"
"1798",2017-02-26,"9032"
"1799",2017-03-05,"9088"
"1800",2017-03-12,"9109"
"1801",2017-03-19,"9129"
"1802",2017-03-26,"9147"
"1803",2017-04-02,"9199"
"1804",2017-04-09,"9235"
"1805",2017-04-16,"9252"
"1806",2017-04-23,"9265"
"1807",2017-04-30,"9293"
"1808",2017-05-07,"9314"
"1809",2017-05-14,"9305"
"1810",2017-05-21,"9320"
